Dataset,Pre_Screen,Category,Folder_path,File_name
OCTID,abnormal,amrd,data/OCTID/AMD,AMRD1.jpeg
OCTID,abnormal,amrd,data/OCTID/AMD,AMRD2.jpeg
OCTID,abnormal,amrd,data/OCTID/AMD,AMRD3.jpeg
OCTID,abnormal,amrd,data/OCTID/AMD,AMRD4.jpeg
OCTID,abnormal,amrd,data/OCTID/AMD,AMRD5.jpeg
OCTID,abnormal,amrd,data/OCTID/AMD,AMRD6.jpeg
OCTID,abnormal,amrd,data/OCTID/AMD,AMRD7.jpeg
OCTID,abnormal,amrd,data/OCTID/AMD,AMRD8.jpeg
OCTID,abnormal,amrd,data/OCTID/AMD,AMRD9.jpeg
OCTID,abnormal,amrd,data/OCTID/AMD,AMRD10.jpeg
OCTID,abnormal,amrd,data/OCTID/AMD,AMRD11.jpeg
OCTID,abnormal,amrd,data/OCTID/AMD,AMRD12.jpeg
OCTID,abnormal,amrd,data/OCTID/AMD,AMRD13.jpeg
OCTID,abnormal,amrd,data/OCTID/AMD,AMRD14.jpeg
OCTID,abnormal,amrd,data/OCTID/AMD,AMRD15.jpeg
OCTID,abnormal,amrd,data/OCTID/AMD,AMRD16.jpeg
OCTID,abnormal,amrd,data/OCTID/AMD,AMRD17.jpeg
OCTID,abnormal,amrd,data/OCTID/AMD,AMRD18.jpeg
OCTID,abnormal,amrd,data/OCTID/AMD,AMRD19.jpeg
OCTID,abnormal,amrd,data/OCTID/AMD,AMRD20.jpeg
OCTID,abnormal,amrd,data/OCTID/AMD,AMRD21.jpeg
OCTID,abnormal,amrd,data/OCTID/AMD,AMRD22.jpeg
OCTID,abnormal,amrd,data/OCTID/AMD,AMRD23.jpeg
OCTID,abnormal,amrd,data/OCTID/AMD,AMRD24.jpeg
OCTID,abnormal,amrd,data/OCTID/AMD,AMRD25.jpeg
OCTID,abnormal,amrd,data/OCTID/AMD,AMRD26.jpeg
OCTID,abnormal,amrd,data/OCTID/AMD,AMRD27.jpeg
OCTID,abnormal,amrd,data/OCTID/AMD,AMRD28.jpeg
OCTID,abnormal,amrd,data/OCTID/AMD,AMRD29.jpeg
OCTID,abnormal,amrd,data/OCTID/AMD,AMRD30.jpeg
OCTID,abnormal,amrd,data/OCTID/AMD,AMRD31.jpeg
OCTID,abnormal,amrd,data/OCTID/AMD,AMRD32.jpeg
OCTID,abnormal,amrd,data/OCTID/AMD,AMRD33.jpeg
OCTID,abnormal,amrd,data/OCTID/AMD,AMRD34.jpeg
OCTID,abnormal,amrd,data/OCTID/AMD,AMRD35.jpeg
OCTID,abnormal,amrd,data/OCTID/AMD,AMRD36.jpeg
OCTID,abnormal,amrd,data/OCTID/AMD,AMRD37.jpeg
OCTID,abnormal,amrd,data/OCTID/AMD,AMRD38.jpeg
OCTID,abnormal,amrd,data/OCTID/AMD,AMRD39.jpeg
OCTID,abnormal,amrd,data/OCTID/AMD,AMRD40.jpeg
OCTID,abnormal,amrd,data/OCTID/AMD,AMRD41.jpeg
OCTID,abnormal,amrd,data/OCTID/AMD,AMRD42.jpeg
OCTID,abnormal,amrd,data/OCTID/AMD,AMRD43.jpeg
OCTID,abnormal,amrd,data/OCTID/AMD,AMRD44.jpeg
OCTID,abnormal,amrd,data/OCTID/AMD,AMRD45.jpeg
OCTID,abnormal,amrd,data/OCTID/AMD,AMRD46.jpeg
OCTID,abnormal,amrd,data/OCTID/AMD,AMRD47.jpeg
OCTID,abnormal,amrd,data/OCTID/AMD,AMRD48.jpeg
OCTID,abnormal,amrd,data/OCTID/AMD,AMRD49.jpeg
OCTID,abnormal,amrd,data/OCTID/AMD,AMRD50.jpeg
OCTID,abnormal,amrd,data/OCTID/AMD,AMRD51.jpeg
OCTID,abnormal,amrd,data/OCTID/AMD,AMRD52.jpeg
OCTID,abnormal,amrd,data/OCTID/AMD,AMRD53.jpeg
OCTID,abnormal,amrd,data/OCTID/AMD,AMRD54.jpeg
OCTID,abnormal,amrd,data/OCTID/AMD,AMRD55.jpeg
OCTID,abnormal,csr,data/OCTID/CSR,CSR1.jpeg
OCTID,abnormal,csr,data/OCTID/CSR,CSR2.jpeg
OCTID,abnormal,csr,data/OCTID/CSR,CSR3.jpeg
OCTID,abnormal,csr,data/OCTID/CSR,CSR4.jpeg
OCTID,abnormal,csr,data/OCTID/CSR,CSR5.jpeg
OCTID,abnormal,csr,data/OCTID/CSR,CSR6.jpeg
OCTID,abnormal,csr,data/OCTID/CSR,CSR7.jpeg
OCTID,abnormal,csr,data/OCTID/CSR,CSR8.jpeg
OCTID,abnormal,csr,data/OCTID/CSR,CSR9.jpeg
OCTID,abnormal,csr,data/OCTID/CSR,CSR10.jpeg
OCTID,abnormal,csr,data/OCTID/CSR,CSR11.jpeg
OCTID,abnormal,csr,data/OCTID/CSR,CSR12.jpeg
OCTID,abnormal,csr,data/OCTID/CSR,CSR13.jpeg
OCTID,abnormal,csr,data/OCTID/CSR,CSR14.jpeg
OCTID,abnormal,csr,data/OCTID/CSR,CSR15.jpeg
OCTID,abnormal,csr,data/OCTID/CSR,CSR16.jpeg
OCTID,abnormal,csr,data/OCTID/CSR,CSR17.jpeg
OCTID,abnormal,csr,data/OCTID/CSR,CSR18.jpeg
OCTID,abnormal,csr,data/OCTID/CSR,CSR19.jpeg
OCTID,abnormal,csr,data/OCTID/CSR,CSR20.jpeg
OCTID,abnormal,csr,data/OCTID/CSR,CSR21.jpeg
OCTID,abnormal,csr,data/OCTID/CSR,CSR22.jpeg
OCTID,abnormal,csr,data/OCTID/CSR,CSR23.jpeg
OCTID,abnormal,csr,data/OCTID/CSR,CSR24.jpeg
OCTID,abnormal,csr,data/OCTID/CSR,CSR25.jpeg
OCTID,abnormal,csr,data/OCTID/CSR,CSR26.jpeg
OCTID,abnormal,csr,data/OCTID/CSR,CSR27.jpeg
OCTID,abnormal,csr,data/OCTID/CSR,CSR28.jpeg
OCTID,abnormal,csr,data/OCTID/CSR,CSR29.jpeg
OCTID,abnormal,csr,data/OCTID/CSR,CSR30.jpeg
OCTID,abnormal,csr,data/OCTID/CSR,CSR31.jpeg
OCTID,abnormal,csr,data/OCTID/CSR,CSR32.jpeg
OCTID,abnormal,csr,data/OCTID/CSR,CSR33.jpeg
OCTID,abnormal,csr,data/OCTID/CSR,CSR34.jpeg
OCTID,abnormal,csr,data/OCTID/CSR,CSR35.jpeg
OCTID,abnormal,csr,data/OCTID/CSR,CSR36.jpeg
OCTID,abnormal,csr,data/OCTID/CSR,CSR37.jpeg
OCTID,abnormal,csr,data/OCTID/CSR,CSR38.jpeg
OCTID,abnormal,csr,data/OCTID/CSR,CSR39.jpeg
OCTID,abnormal,csr,data/OCTID/CSR,CSR40.jpeg
OCTID,abnormal,csr,data/OCTID/CSR,CSR41.jpeg
OCTID,abnormal,csr,data/OCTID/CSR,CSR42.jpeg
OCTID,abnormal,csr,data/OCTID/CSR,CSR43.jpeg
OCTID,abnormal,csr,data/OCTID/CSR,CSR44.jpeg
OCTID,abnormal,csr,data/OCTID/CSR,CSR45.jpeg
OCTID,abnormal,csr,data/OCTID/CSR,CSR46.jpeg
OCTID,abnormal,csr,data/OCTID/CSR,CSR47.jpeg
OCTID,abnormal,csr,data/OCTID/CSR,CSR48.jpeg
OCTID,abnormal,csr,data/OCTID/CSR,CSR49.jpeg
OCTID,abnormal,csr,data/OCTID/CSR,CSR50.jpeg
OCTID,abnormal,csr,data/OCTID/CSR,CSR51.jpeg
OCTID,abnormal,csr,data/OCTID/CSR,CSR52.jpeg
OCTID,abnormal,csr,data/OCTID/CSR,CSR53.jpeg
OCTID,abnormal,csr,data/OCTID/CSR,CSR54.jpeg
OCTID,abnormal,csr,data/OCTID/CSR,CSR55.jpeg
OCTID,abnormal,csr,data/OCTID/CSR,CSR56.jpeg
OCTID,abnormal,csr,data/OCTID/CSR,CSR57.jpeg
OCTID,abnormal,csr,data/OCTID/CSR,CSR58.jpeg
OCTID,abnormal,csr,data/OCTID/CSR,CSR59.jpeg
OCTID,abnormal,csr,data/OCTID/CSR,CSR60.jpeg
OCTID,abnormal,csr,data/OCTID/CSR,CSR61.jpeg
OCTID,abnormal,csr,data/OCTID/CSR,CSR62.jpeg
OCTID,abnormal,csr,data/OCTID/CSR,CSR63.jpeg
OCTID,abnormal,csr,data/OCTID/CSR,CSR64.jpeg
OCTID,abnormal,csr,data/OCTID/CSR,CSR65.jpeg
OCTID,abnormal,csr,data/OCTID/CSR,CSR66.jpeg
OCTID,abnormal,csr,data/OCTID/CSR,CSR67.jpeg
OCTID,abnormal,csr,data/OCTID/CSR,CSR68.jpeg
OCTID,abnormal,csr,data/OCTID/CSR,CSR69.jpeg
OCTID,abnormal,csr,data/OCTID/CSR,CSR70.jpeg
OCTID,abnormal,csr,data/OCTID/CSR,CSR71.jpeg
OCTID,abnormal,csr,data/OCTID/CSR,CSR72.jpeg
OCTID,abnormal,csr,data/OCTID/CSR,CSR73.jpeg
OCTID,abnormal,csr,data/OCTID/CSR,CSR74.jpeg
OCTID,abnormal,csr,data/OCTID/CSR,CSR75.jpeg
OCTID,abnormal,csr,data/OCTID/CSR,CSR76.jpeg
OCTID,abnormal,csr,data/OCTID/CSR,CSR77.jpeg
OCTID,abnormal,csr,data/OCTID/CSR,CSR78.jpeg
OCTID,abnormal,csr,data/OCTID/CSR,CSR79.jpeg
OCTID,abnormal,csr,data/OCTID/CSR,CSR80.jpeg
OCTID,abnormal,csr,data/OCTID/CSR,CSR81.jpeg
OCTID,abnormal,csr,data/OCTID/CSR,CSR82.jpeg
OCTID,abnormal,csr,data/OCTID/CSR,CSR83.jpeg
OCTID,abnormal,csr,data/OCTID/CSR,CSR84.jpeg
OCTID,abnormal,csr,data/OCTID/CSR,CSR85.jpeg
OCTID,abnormal,csr,data/OCTID/CSR,CSR86.jpeg
OCTID,abnormal,csr,data/OCTID/CSR,CSR87.jpeg
OCTID,abnormal,csr,data/OCTID/CSR,CSR88.jpeg
OCTID,abnormal,csr,data/OCTID/CSR,CSR89.jpeg
OCTID,abnormal,csr,data/OCTID/CSR,CSR90.jpeg
OCTID,abnormal,csr,data/OCTID/CSR,CSR91.jpeg
OCTID,abnormal,csr,data/OCTID/CSR,CSR92.jpeg
OCTID,abnormal,csr,data/OCTID/CSR,CSR93.jpeg
OCTID,abnormal,csr,data/OCTID/CSR,CSR94.jpeg
OCTID,abnormal,csr,data/OCTID/CSR,CSR95.jpeg
OCTID,abnormal,csr,data/OCTID/CSR,CSR96.jpeg
OCTID,abnormal,csr,data/OCTID/CSR,CSR97.jpeg
OCTID,abnormal,csr,data/OCTID/CSR,CSR98.jpeg
OCTID,abnormal,csr,data/OCTID/CSR,CSR99.jpeg
OCTID,abnormal,csr,data/OCTID/CSR,CSR100.jpeg
OCTID,abnormal,csr,data/OCTID/CSR,CSR101.jpeg
OCTID,abnormal,csr,data/OCTID/CSR,CSR102.jpeg
OCTID,abnormal,dr,data/OCTID/DR,DR1.jpeg
OCTID,abnormal,dr,data/OCTID/DR,DR2.jpeg
OCTID,abnormal,dr,data/OCTID/DR,DR3.jpeg
OCTID,abnormal,dr,data/OCTID/DR,DR4.jpeg
OCTID,abnormal,dr,data/OCTID/DR,DR5.jpeg
OCTID,abnormal,dr,data/OCTID/DR,DR6.jpeg
OCTID,abnormal,dr,data/OCTID/DR,DR7.jpeg
OCTID,abnormal,dr,data/OCTID/DR,DR8.jpeg
OCTID,abnormal,dr,data/OCTID/DR,DR9.jpeg
OCTID,abnormal,dr,data/OCTID/DR,DR10.jpeg
OCTID,abnormal,dr,data/OCTID/DR,DR11.jpeg
OCTID,abnormal,dr,data/OCTID/DR,DR12.jpeg
OCTID,abnormal,dr,data/OCTID/DR,DR13.jpeg
OCTID,abnormal,dr,data/OCTID/DR,DR14.jpeg
OCTID,abnormal,dr,data/OCTID/DR,DR15.jpeg
OCTID,abnormal,dr,data/OCTID/DR,DR16.jpeg
OCTID,abnormal,dr,data/OCTID/DR,DR17.jpeg
OCTID,abnormal,dr,data/OCTID/DR,DR18.jpeg
OCTID,abnormal,dr,data/OCTID/DR,DR19.jpeg
OCTID,abnormal,dr,data/OCTID/DR,DR20.jpeg
OCTID,abnormal,dr,data/OCTID/DR,DR21.jpeg
OCTID,abnormal,dr,data/OCTID/DR,DR22.jpeg
OCTID,abnormal,dr,data/OCTID/DR,DR23.jpeg
OCTID,abnormal,dr,data/OCTID/DR,DR24.jpeg
OCTID,abnormal,dr,data/OCTID/DR,DR25.jpeg
OCTID,abnormal,dr,data/OCTID/DR,DR26.jpeg
OCTID,abnormal,dr,data/OCTID/DR,DR27.jpeg
OCTID,abnormal,dr,data/OCTID/DR,DR28.jpeg
OCTID,abnormal,dr,data/OCTID/DR,DR29.jpeg
OCTID,abnormal,dr,data/OCTID/DR,DR30.jpeg
OCTID,abnormal,dr,data/OCTID/DR,DR31.jpeg
OCTID,abnormal,dr,data/OCTID/DR,DR32.jpeg
OCTID,abnormal,dr,data/OCTID/DR,DR33.jpeg
OCTID,abnormal,dr,data/OCTID/DR,DR34.jpeg
OCTID,abnormal,dr,data/OCTID/DR,DR35.jpeg
OCTID,abnormal,dr,data/OCTID/DR,DR36.jpeg
OCTID,abnormal,dr,data/OCTID/DR,DR37.jpeg
OCTID,abnormal,dr,data/OCTID/DR,DR38.jpeg
OCTID,abnormal,dr,data/OCTID/DR,DR39.jpeg
OCTID,abnormal,dr,data/OCTID/DR,DR40.jpeg
OCTID,abnormal,dr,data/OCTID/DR,DR41.jpeg
OCTID,abnormal,dr,data/OCTID/DR,DR42.jpeg
OCTID,abnormal,dr,data/OCTID/DR,DR43.jpeg
OCTID,abnormal,dr,data/OCTID/DR,DR44.jpeg
OCTID,abnormal,dr,data/OCTID/DR,DR45.jpeg
OCTID,abnormal,dr,data/OCTID/DR,DR46.jpeg
OCTID,abnormal,dr,data/OCTID/DR,DR47.jpeg
OCTID,abnormal,dr,data/OCTID/DR,DR48.jpeg
OCTID,abnormal,dr,data/OCTID/DR,DR49.jpeg
OCTID,abnormal,dr,data/OCTID/DR,DR50.jpeg
OCTID,abnormal,dr,data/OCTID/DR,DR51.jpeg
OCTID,abnormal,dr,data/OCTID/DR,DR52.jpeg
OCTID,abnormal,dr,data/OCTID/DR,DR53.jpeg
OCTID,abnormal,dr,data/OCTID/DR,DR54.jpeg
OCTID,abnormal,dr,data/OCTID/DR,DR55.jpeg
OCTID,abnormal,dr,data/OCTID/DR,DR56.jpeg
OCTID,abnormal,dr,data/OCTID/DR,DR57.jpeg
OCTID,abnormal,dr,data/OCTID/DR,DR58.jpeg
OCTID,abnormal,dr,data/OCTID/DR,DR59.jpeg
OCTID,abnormal,dr,data/OCTID/DR,DR60.jpeg
OCTID,abnormal,dr,data/OCTID/DR,DR61.jpeg
OCTID,abnormal,dr,data/OCTID/DR,DR62.jpeg
OCTID,abnormal,dr,data/OCTID/DR,DR63.jpeg
OCTID,abnormal,dr,data/OCTID/DR,DR64.jpeg
OCTID,abnormal,dr,data/OCTID/DR,DR65.jpeg
OCTID,abnormal,dr,data/OCTID/DR,DR66.jpeg
OCTID,abnormal,dr,data/OCTID/DR,DR67.jpeg
OCTID,abnormal,dr,data/OCTID/DR,DR68.jpeg
OCTID,abnormal,dr,data/OCTID/DR,DR69.jpeg
OCTID,abnormal,dr,data/OCTID/DR,DR70.jpeg
OCTID,abnormal,dr,data/OCTID/DR,DR71.jpeg
OCTID,abnormal,dr,data/OCTID/DR,DR72.jpeg
OCTID,abnormal,dr,data/OCTID/DR,DR73.jpeg
OCTID,abnormal,dr,data/OCTID/DR,DR74.jpeg
OCTID,abnormal,dr,data/OCTID/DR,DR75.jpeg
OCTID,abnormal,dr,data/OCTID/DR,DR76.jpeg
OCTID,abnormal,dr,data/OCTID/DR,DR77.jpeg
OCTID,abnormal,dr,data/OCTID/DR,DR78.jpeg
OCTID,abnormal,dr,data/OCTID/DR,DR79.jpeg
OCTID,abnormal,dr,data/OCTID/DR,DR80.jpeg
OCTID,abnormal,dr,data/OCTID/DR,DR81.jpeg
OCTID,abnormal,dr,data/OCTID/DR,DR82.jpeg
OCTID,abnormal,dr,data/OCTID/DR,DR83.jpeg
OCTID,abnormal,dr,data/OCTID/DR,DR84.jpeg
OCTID,abnormal,dr,data/OCTID/DR,DR85.jpeg
OCTID,abnormal,dr,data/OCTID/DR,DR86.jpeg
OCTID,abnormal,dr,data/OCTID/DR,DR87.jpeg
OCTID,abnormal,dr,data/OCTID/DR,DR88.jpeg
OCTID,abnormal,dr,data/OCTID/DR,DR89.jpeg
OCTID,abnormal,dr,data/OCTID/DR,DR90.jpeg
OCTID,abnormal,dr,data/OCTID/DR,DR91.jpeg
OCTID,abnormal,dr,data/OCTID/DR,DR92.jpeg
OCTID,abnormal,dr,data/OCTID/DR,DR93.jpeg
OCTID,abnormal,dr,data/OCTID/DR,DR94.jpeg
OCTID,abnormal,dr,data/OCTID/DR,DR95.jpeg
OCTID,abnormal,dr,data/OCTID/DR,DR96.jpeg
OCTID,abnormal,dr,data/OCTID/DR,DR97.jpeg
OCTID,abnormal,dr,data/OCTID/DR,DR98.jpeg
OCTID,abnormal,dr,data/OCTID/DR,DR99.jpeg
OCTID,abnormal,dr,data/OCTID/DR,DR100.jpeg
OCTID,abnormal,dr,data/OCTID/DR,DR101.jpeg
OCTID,abnormal,dr,data/OCTID/DR,DR102.jpeg
OCTID,abnormal,dr,data/OCTID/DR,DR103.jpeg
OCTID,abnormal,dr,data/OCTID/DR,DR104.jpeg
OCTID,abnormal,dr,data/OCTID/DR,DR105.jpeg
OCTID,abnormal,dr,data/OCTID/DR,DR106.jpeg
OCTID,abnormal,dr,data/OCTID/DR,DR107.jpeg
OCTID,abnormal,mh,data/OCTID/MH,MH1.jpeg
OCTID,abnormal,mh,data/OCTID/MH,MH2.jpeg
OCTID,abnormal,mh,data/OCTID/MH,MH3.jpeg
OCTID,abnormal,mh,data/OCTID/MH,MH4.jpeg
OCTID,abnormal,mh,data/OCTID/MH,MH5.jpeg
OCTID,abnormal,mh,data/OCTID/MH,MH6.jpeg
OCTID,abnormal,mh,data/OCTID/MH,MH7.jpeg
OCTID,abnormal,mh,data/OCTID/MH,MH8.jpeg
OCTID,abnormal,mh,data/OCTID/MH,MH9.jpeg
OCTID,abnormal,mh,data/OCTID/MH,MH10.jpeg
OCTID,abnormal,mh,data/OCTID/MH,MH11.jpeg
OCTID,abnormal,mh,data/OCTID/MH,MH12.jpeg
OCTID,abnormal,mh,data/OCTID/MH,MH13.jpeg
OCTID,abnormal,mh,data/OCTID/MH,MH14.jpeg
OCTID,abnormal,mh,data/OCTID/MH,MH15.jpeg
OCTID,abnormal,mh,data/OCTID/MH,MH16.jpeg
OCTID,abnormal,mh,data/OCTID/MH,MH17.jpeg
OCTID,abnormal,mh,data/OCTID/MH,MH18.jpeg
OCTID,abnormal,mh,data/OCTID/MH,MH19.jpeg
OCTID,abnormal,mh,data/OCTID/MH,MH20.jpeg
OCTID,abnormal,mh,data/OCTID/MH,MH21.jpeg
OCTID,abnormal,mh,data/OCTID/MH,MH22.jpeg
OCTID,abnormal,mh,data/OCTID/MH,MH23.jpeg
OCTID,abnormal,mh,data/OCTID/MH,MH24.jpeg
OCTID,abnormal,mh,data/OCTID/MH,MH25.jpeg
OCTID,abnormal,mh,data/OCTID/MH,MH26.jpeg
OCTID,abnormal,mh,data/OCTID/MH,MH27.jpeg
OCTID,abnormal,mh,data/OCTID/MH,MH28.jpeg
OCTID,abnormal,mh,data/OCTID/MH,MH29.jpeg
OCTID,abnormal,mh,data/OCTID/MH,MH30.jpeg
OCTID,abnormal,mh,data/OCTID/MH,MH31.jpeg
OCTID,abnormal,mh,data/OCTID/MH,MH32.jpeg
OCTID,abnormal,mh,data/OCTID/MH,MH33.jpeg
OCTID,abnormal,mh,data/OCTID/MH,MH34.jpeg
OCTID,abnormal,mh,data/OCTID/MH,MH35.jpeg
OCTID,abnormal,mh,data/OCTID/MH,MH36.jpeg
OCTID,abnormal,mh,data/OCTID/MH,MH37.jpeg
OCTID,abnormal,mh,data/OCTID/MH,MH38.jpeg
OCTID,abnormal,mh,data/OCTID/MH,MH39.jpeg
OCTID,abnormal,mh,data/OCTID/MH,MH40.jpeg
OCTID,abnormal,mh,data/OCTID/MH,MH41.jpeg
OCTID,abnormal,mh,data/OCTID/MH,MH42.jpeg
OCTID,abnormal,mh,data/OCTID/MH,MH43.jpeg
OCTID,abnormal,mh,data/OCTID/MH,MH44.jpeg
OCTID,abnormal,mh,data/OCTID/MH,MH45.jpeg
OCTID,abnormal,mh,data/OCTID/MH,MH46.jpeg
OCTID,abnormal,mh,data/OCTID/MH,MH47.jpeg
OCTID,abnormal,mh,data/OCTID/MH,MH48.jpeg
OCTID,abnormal,mh,data/OCTID/MH,MH49.jpeg
OCTID,abnormal,mh,data/OCTID/MH,MH50.jpeg
OCTID,abnormal,mh,data/OCTID/MH,MH51.jpeg
OCTID,abnormal,mh,data/OCTID/MH,MH52.jpeg
OCTID,abnormal,mh,data/OCTID/MH,MH53.jpeg
OCTID,abnormal,mh,data/OCTID/MH,MH54.jpeg
OCTID,abnormal,mh,data/OCTID/MH,MH55.jpeg
OCTID,abnormal,mh,data/OCTID/MH,MH56.jpeg
OCTID,abnormal,mh,data/OCTID/MH,MH57.jpeg
OCTID,abnormal,mh,data/OCTID/MH,MH58.jpeg
OCTID,abnormal,mh,data/OCTID/MH,MH59.jpeg
OCTID,abnormal,mh,data/OCTID/MH,MH60.jpeg
OCTID,abnormal,mh,data/OCTID/MH,MH61.jpeg
OCTID,abnormal,mh,data/OCTID/MH,MH62.jpeg
OCTID,abnormal,mh,data/OCTID/MH,MH63.jpeg
OCTID,abnormal,mh,data/OCTID/MH,MH64.jpeg
OCTID,abnormal,mh,data/OCTID/MH,MH65.jpeg
OCTID,abnormal,mh,data/OCTID/MH,MH66.jpeg
OCTID,abnormal,mh,data/OCTID/MH,MH67.jpeg
OCTID,abnormal,mh,data/OCTID/MH,MH68.jpeg
OCTID,abnormal,mh,data/OCTID/MH,MH69.jpeg
OCTID,abnormal,mh,data/OCTID/MH,MH70.jpeg
OCTID,abnormal,mh,data/OCTID/MH,MH71.jpeg
OCTID,abnormal,mh,data/OCTID/MH,MH72.jpeg
OCTID,abnormal,mh,data/OCTID/MH,MH73.jpeg
OCTID,abnormal,mh,data/OCTID/MH,MH74.jpeg
OCTID,abnormal,mh,data/OCTID/MH,MH75.jpeg
OCTID,abnormal,mh,data/OCTID/MH,MH76.jpeg
OCTID,abnormal,mh,data/OCTID/MH,MH77.jpeg
OCTID,abnormal,mh,data/OCTID/MH,MH78.jpeg
OCTID,abnormal,mh,data/OCTID/MH,MH79.jpeg
OCTID,abnormal,mh,data/OCTID/MH,MH80.jpeg
OCTID,abnormal,mh,data/OCTID/MH,MH81.jpeg
OCTID,abnormal,mh,data/OCTID/MH,MH82.jpeg
OCTID,abnormal,mh,data/OCTID/MH,MH83.jpeg
OCTID,abnormal,mh,data/OCTID/MH,MH84.jpeg
OCTID,abnormal,mh,data/OCTID/MH,MH85.jpeg
OCTID,abnormal,mh,data/OCTID/MH,MH86.jpeg
OCTID,abnormal,mh,data/OCTID/MH,MH87.jpeg
OCTID,abnormal,mh,data/OCTID/MH,MH88.jpeg
OCTID,abnormal,mh,data/OCTID/MH,MH89.jpeg
OCTID,abnormal,mh,data/OCTID/MH,MH90.jpeg
OCTID,abnormal,mh,data/OCTID/MH,MH91.jpeg
OCTID,abnormal,mh,data/OCTID/MH,MH92.jpeg
OCTID,abnormal,mh,data/OCTID/MH,MH93.jpeg
OCTID,abnormal,mh,data/OCTID/MH,MH94.jpeg
OCTID,abnormal,mh,data/OCTID/MH,MH95.jpeg
OCTID,abnormal,mh,data/OCTID/MH,MH96.jpeg
OCTID,abnormal,mh,data/OCTID/MH,MH97.jpeg
OCTID,abnormal,mh,data/OCTID/MH,MH98.jpeg
OCTID,abnormal,mh,data/OCTID/MH,MH99.jpeg
OCTID,abnormal,mh,data/OCTID/MH,MH100.jpeg
OCTID,abnormal,mh,data/OCTID/MH,MH101.jpeg
OCTID,abnormal,mh,data/OCTID/MH,MH102.jpeg
OCTID,normal,normal,data/OCTID/Normal,NORMAL1.jpeg
OCTID,normal,normal,data/OCTID/Normal,NORMAL2.jpeg
OCTID,normal,normal,data/OCTID/Normal,NORMAL3.jpeg
OCTID,normal,normal,data/OCTID/Normal,NORMAL4.jpeg
OCTID,normal,normal,data/OCTID/Normal,NORMAL5.jpeg
OCTID,normal,normal,data/OCTID/Normal,NORMAL6.jpeg
OCTID,normal,normal,data/OCTID/Normal,NORMAL7.jpeg
OCTID,normal,normal,data/OCTID/Normal,NORMAL8.jpeg
OCTID,normal,normal,data/OCTID/Normal,NORMAL9.jpeg
OCTID,normal,normal,data/OCTID/Normal,NORMAL10.jpeg
OCTID,normal,normal,data/OCTID/Normal,NORMAL11.jpeg
OCTID,normal,normal,data/OCTID/Normal,NORMAL12.jpeg
OCTID,normal,normal,data/OCTID/Normal,NORMAL13.jpeg
OCTID,normal,normal,data/OCTID/Normal,NORMAL14.jpeg
OCTID,normal,normal,data/OCTID/Normal,NORMAL15.jpeg
OCTID,normal,normal,data/OCTID/Normal,NORMAL16.jpeg
OCTID,normal,normal,data/OCTID/Normal,NORMAL17.jpeg
OCTID,normal,normal,data/OCTID/Normal,NORMAL18.jpeg
OCTID,normal,normal,data/OCTID/Normal,NORMAL19.jpeg
OCTID,normal,normal,data/OCTID/Normal,NORMAL20.jpeg
OCTID,normal,normal,data/OCTID/Normal,NORMAL21.jpeg
OCTID,normal,normal,data/OCTID/Normal,NORMAL22.jpeg
OCTID,normal,normal,data/OCTID/Normal,NORMAL23.jpeg
OCTID,normal,normal,data/OCTID/Normal,NORMAL24.jpeg
OCTID,normal,normal,data/OCTID/Normal,NORMAL25.jpeg
OCTID,normal,normal,data/OCTID/Normal,NORMAL26.jpeg
OCTID,normal,normal,data/OCTID/Normal,NORMAL27.jpeg
OCTID,normal,normal,data/OCTID/Normal,NORMAL28.jpeg
OCTID,normal,normal,data/OCTID/Normal,NORMAL29.jpeg
OCTID,normal,normal,data/OCTID/Normal,NORMAL30.jpeg
OCTID,normal,normal,data/OCTID/Normal,NORMAL31.jpeg
OCTID,normal,normal,data/OCTID/Normal,NORMAL32.jpeg
OCTID,normal,normal,data/OCTID/Normal,NORMAL33.jpeg
OCTID,normal,normal,data/OCTID/Normal,NORMAL34.jpeg
OCTID,normal,normal,data/OCTID/Normal,NORMAL35.jpeg
OCTID,normal,normal,data/OCTID/Normal,NORMAL36.jpeg
OCTID,normal,normal,data/OCTID/Normal,NORMAL37.jpeg
OCTID,normal,normal,data/OCTID/Normal,NORMAL38.jpeg
OCTID,normal,normal,data/OCTID/Normal,NORMAL39.jpeg
OCTID,normal,normal,data/OCTID/Normal,NORMAL40.jpeg
OCTID,normal,normal,data/OCTID/Normal,NORMAL41.jpeg
OCTID,normal,normal,data/OCTID/Normal,NORMAL42.jpeg
OCTID,normal,normal,data/OCTID/Normal,NORMAL43.jpeg
OCTID,normal,normal,data/OCTID/Normal,NORMAL44.jpeg
OCTID,normal,normal,data/OCTID/Normal,NORMAL45.jpeg
OCTID,normal,normal,data/OCTID/Normal,NORMAL46.jpeg
OCTID,normal,normal,data/OCTID/Normal,NORMAL47.jpeg
OCTID,normal,normal,data/OCTID/Normal,NORMAL48.jpeg
OCTID,normal,normal,data/OCTID/Normal,NORMAL49.jpeg
OCTID,normal,normal,data/OCTID/Normal,NORMAL50.jpeg
OCTID,normal,normal,data/OCTID/Normal,NORMAL51.jpeg
OCTID,normal,normal,data/OCTID/Normal,NORMAL52.jpeg
OCTID,normal,normal,data/OCTID/Normal,NORMAL53.jpeg
OCTID,normal,normal,data/OCTID/Normal,NORMAL54.jpeg
OCTID,normal,normal,data/OCTID/Normal,NORMAL55.jpeg
OCTID,normal,normal,data/OCTID/Normal,NORMAL56.jpeg
OCTID,normal,normal,data/OCTID/Normal,NORMAL57.jpeg
OCTID,normal,normal,data/OCTID/Normal,NORMAL58.jpeg
OCTID,normal,normal,data/OCTID/Normal,NORMAL59.jpeg
OCTID,normal,normal,data/OCTID/Normal,NORMAL60.jpeg
OCTID,normal,normal,data/OCTID/Normal,NORMAL61.jpeg
OCTID,normal,normal,data/OCTID/Normal,NORMAL62.jpeg
OCTID,normal,normal,data/OCTID/Normal,NORMAL63.jpeg
OCTID,normal,normal,data/OCTID/Normal,NORMAL64.jpeg
OCTID,normal,normal,data/OCTID/Normal,NORMAL65.jpeg
OCTID,normal,normal,data/OCTID/Normal,NORMAL66.jpeg
OCTID,normal,normal,data/OCTID/Normal,NORMAL67.jpeg
OCTID,normal,normal,data/OCTID/Normal,NORMAL68.jpeg
OCTID,normal,normal,data/OCTID/Normal,NORMAL69.jpeg
OCTID,normal,normal,data/OCTID/Normal,NORMAL70.jpeg
OCTID,normal,normal,data/OCTID/Normal,NORMAL71.jpeg
OCTID,normal,normal,data/OCTID/Normal,NORMAL72.jpeg
OCTID,normal,normal,data/OCTID/Normal,NORMAL73.jpeg
OCTID,normal,normal,data/OCTID/Normal,NORMAL74.jpeg
OCTID,normal,normal,data/OCTID/Normal,NORMAL75.jpeg
OCTID,normal,normal,data/OCTID/Normal,NORMAL76.jpeg
OCTID,normal,normal,data/OCTID/Normal,NORMAL77.jpeg
OCTID,normal,normal,data/OCTID/Normal,NORMAL78.jpeg
OCTID,normal,normal,data/OCTID/Normal,NORMAL79.jpeg
OCTID,normal,normal,data/OCTID/Normal,NORMAL80.jpeg
OCTID,normal,normal,data/OCTID/Normal,NORMAL81.jpeg
OCTID,normal,normal,data/OCTID/Normal,NORMAL82.jpeg
OCTID,normal,normal,data/OCTID/Normal,NORMAL83.jpeg
OCTID,normal,normal,data/OCTID/Normal,NORMAL84.jpeg
OCTID,normal,normal,data/OCTID/Normal,NORMAL85.jpeg
OCTID,normal,normal,data/OCTID/Normal,NORMAL86.jpeg
OCTID,normal,normal,data/OCTID/Normal,NORMAL87.jpeg
OCTID,normal,normal,data/OCTID/Normal,NORMAL88.jpeg
OCTID,normal,normal,data/OCTID/Normal,NORMAL89.jpeg
OCTID,normal,normal,data/OCTID/Normal,NORMAL90.jpeg
OCTID,normal,normal,data/OCTID/Normal,NORMAL91.jpeg
OCTID,normal,normal,data/OCTID/Normal,NORMAL92.jpeg
OCTID,normal,normal,data/OCTID/Normal,NORMAL93.jpeg
OCTID,normal,normal,data/OCTID/Normal,NORMAL94.jpeg
OCTID,normal,normal,data/OCTID/Normal,NORMAL95.jpeg
OCTID,normal,normal,data/OCTID/Normal,NORMAL96.jpeg
OCTID,normal,normal,data/OCTID/Normal,NORMAL97.jpeg
OCTID,normal,normal,data/OCTID/Normal,NORMAL98.jpeg
OCTID,normal,normal,data/OCTID/Normal,NORMAL99.jpeg
OCTID,normal,normal,data/OCTID/Normal,NORMAL100.jpeg
OCTID,normal,normal,data/OCTID/Normal,NORMAL101.jpeg
OCTID,normal,normal,data/OCTID/Normal,NORMAL102.jpeg
OCTID,normal,normal,data/OCTID/Normal,NORMAL103.jpeg
OCTID,normal,normal,data/OCTID/Normal,NORMAL104.jpeg
OCTID,normal,normal,data/OCTID/Normal,NORMAL105.jpeg
OCTID,normal,normal,data/OCTID/Normal,NORMAL106.jpeg
OCTID,normal,normal,data/OCTID/Normal,NORMAL107.jpeg
OCTID,normal,normal,data/OCTID/Normal,NORMAL108.jpeg
OCTID,normal,normal,data/OCTID/Normal,NORMAL109.jpeg
OCTID,normal,normal,data/OCTID/Normal,NORMAL110.jpeg
OCTID,normal,normal,data/OCTID/Normal,NORMAL111.jpeg
OCTID,normal,normal,data/OCTID/Normal,NORMAL112.jpeg
OCTID,normal,normal,data/OCTID/Normal,NORMAL113.jpeg
OCTID,normal,normal,data/OCTID/Normal,NORMAL114.jpeg
OCTID,normal,normal,data/OCTID/Normal,NORMAL115.jpeg
OCTID,normal,normal,data/OCTID/Normal,NORMAL116.jpeg
OCTID,normal,normal,data/OCTID/Normal,NORMAL117.jpeg
OCTID,normal,normal,data/OCTID/Normal,NORMAL118.jpeg
OCTID,normal,normal,data/OCTID/Normal,NORMAL119.jpeg
OCTID,normal,normal,data/OCTID/Normal,NORMAL120.jpeg
OCTID,normal,normal,data/OCTID/Normal,NORMAL121.jpeg
OCTID,normal,normal,data/OCTID/Normal,NORMAL122.jpeg
OCTID,normal,normal,data/OCTID/Normal,NORMAL123.jpeg
OCTID,normal,normal,data/OCTID/Normal,NORMAL124.jpeg
OCTID,normal,normal,data/OCTID/Normal,NORMAL125.jpeg
OCTID,normal,normal,data/OCTID/Normal,NORMAL126.jpeg
OCTID,normal,normal,data/OCTID/Normal,NORMAL127.jpeg
OCTID,normal,normal,data/OCTID/Normal,NORMAL128.jpeg
OCTID,normal,normal,data/OCTID/Normal,NORMAL129.jpeg
OCTID,normal,normal,data/OCTID/Normal,NORMAL130.jpeg
OCTID,normal,normal,data/OCTID/Normal,NORMAL131.jpeg
OCTID,normal,normal,data/OCTID/Normal,NORMAL132.jpeg
OCTID,normal,normal,data/OCTID/Normal,NORMAL133.jpeg
OCTID,normal,normal,data/OCTID/Normal,NORMAL134.jpeg
OCTID,normal,normal,data/OCTID/Normal,NORMAL135.jpeg
OCTID,normal,normal,data/OCTID/Normal,NORMAL136.jpeg
OCTID,normal,normal,data/OCTID/Normal,NORMAL137.jpeg
OCTID,normal,normal,data/OCTID/Normal,NORMAL138.jpeg
OCTID,normal,normal,data/OCTID/Normal,NORMAL139.jpeg
OCTID,normal,normal,data/OCTID/Normal,NORMAL140.jpeg
OCTID,normal,normal,data/OCTID/Normal,NORMAL141.jpeg
OCTID,normal,normal,data/OCTID/Normal,NORMAL142.jpeg
OCTID,normal,normal,data/OCTID/Normal,NORMAL143.jpeg
OCTID,normal,normal,data/OCTID/Normal,NORMAL144.jpeg
OCTID,normal,normal,data/OCTID/Normal,NORMAL145.jpeg
OCTID,normal,normal,data/OCTID/Normal,NORMAL146.jpeg
OCTID,normal,normal,data/OCTID/Normal,NORMAL147.jpeg
OCTID,normal,normal,data/OCTID/Normal,NORMAL148.jpeg
OCTID,normal,normal,data/OCTID/Normal,NORMAL149.jpeg
OCTID,normal,normal,data/OCTID/Normal,NORMAL150.jpeg
OCTID,normal,normal,data/OCTID/Normal,NORMAL151.jpeg
OCTID,normal,normal,data/OCTID/Normal,NORMAL152.jpeg
OCTID,normal,normal,data/OCTID/Normal,NORMAL153.jpeg
OCTID,normal,normal,data/OCTID/Normal,NORMAL154.jpeg
OCTID,normal,normal,data/OCTID/Normal,NORMAL155.jpeg
OCTID,normal,normal,data/OCTID/Normal,NORMAL156.jpeg
OCTID,normal,normal,data/OCTID/Normal,NORMAL157.jpeg
OCTID,normal,normal,data/OCTID/Normal,NORMAL158.jpeg
OCTID,normal,normal,data/OCTID/Normal,NORMAL159.jpeg
OCTID,normal,normal,data/OCTID/Normal,NORMAL160.jpeg
OCTID,normal,normal,data/OCTID/Normal,NORMAL161.jpeg
OCTID,normal,normal,data/OCTID/Normal,NORMAL162.jpeg
OCTID,normal,normal,data/OCTID/Normal,NORMAL163.jpeg
OCTID,normal,normal,data/OCTID/Normal,NORMAL164.jpeg
OCTID,normal,normal,data/OCTID/Normal,NORMAL165.jpeg
OCTID,normal,normal,data/OCTID/Normal,NORMAL166.jpeg
OCTID,normal,normal,data/OCTID/Normal,NORMAL167.jpeg
OCTID,normal,normal,data/OCTID/Normal,NORMAL168.jpeg
OCTID,normal,normal,data/OCTID/Normal,NORMAL169.jpeg
OCTID,normal,normal,data/OCTID/Normal,NORMAL170.jpeg
OCTID,normal,normal,data/OCTID/Normal,NORMAL171.jpeg
OCTID,normal,normal,data/OCTID/Normal,NORMAL172.jpeg
OCTID,normal,normal,data/OCTID/Normal,NORMAL173.jpeg
OCTID,normal,normal,data/OCTID/Normal,NORMAL174.jpeg
OCTID,normal,normal,data/OCTID/Normal,NORMAL175.jpeg
OCTID,normal,normal,data/OCTID/Normal,NORMAL176.jpeg
OCTID,normal,normal,data/OCTID/Normal,NORMAL177.jpeg
OCTID,normal,normal,data/OCTID/Normal,NORMAL178.jpeg
OCTID,normal,normal,data/OCTID/Normal,NORMAL179.jpeg
OCTID,normal,normal,data/OCTID/Normal,NORMAL180.jpeg
OCTID,normal,normal,data/OCTID/Normal,NORMAL181.jpeg
OCTID,normal,normal,data/OCTID/Normal,NORMAL182.jpeg
OCTID,normal,normal,data/OCTID/Normal,NORMAL183.jpeg
OCTID,normal,normal,data/OCTID/Normal,NORMAL184.jpeg
OCTID,normal,normal,data/OCTID/Normal,NORMAL185.jpeg
OCTID,normal,normal,data/OCTID/Normal,NORMAL186.jpeg
OCTID,normal,normal,data/OCTID/Normal,NORMAL187.jpeg
OCTID,normal,normal,data/OCTID/Normal,NORMAL188.jpeg
OCTID,normal,normal,data/OCTID/Normal,NORMAL189.jpeg
OCTID,normal,normal,data/OCTID/Normal,NORMAL190.jpeg
OCTID,normal,normal,data/OCTID/Normal,NORMAL191.jpeg
OCTID,normal,normal,data/OCTID/Normal,NORMAL192.jpeg
OCTID,normal,normal,data/OCTID/Normal,NORMAL193.jpeg
OCTID,normal,normal,data/OCTID/Normal,NORMAL194.jpeg
OCTID,normal,normal,data/OCTID/Normal,NORMAL195.jpeg
OCTID,normal,normal,data/OCTID/Normal,NORMAL196.jpeg
OCTID,normal,normal,data/OCTID/Normal,NORMAL197.jpeg
OCTID,normal,normal,data/OCTID/Normal,NORMAL198.jpeg
OCTID,normal,normal,data/OCTID/Normal,NORMAL199.jpeg
OCTID,normal,normal,data/OCTID/Normal,NORMAL200.jpeg
OCTID,normal,normal,data/OCTID/Normal,NORMAL201.jpeg
OCTID,normal,normal,data/OCTID/Normal,NORMAL202.jpeg
OCTID,normal,normal,data/OCTID/Normal,NORMAL203.jpeg
OCTID,normal,normal,data/OCTID/Normal,NORMAL204.jpeg
OCTID,normal,normal,data/OCTID/Normal,NORMAL205.jpeg
OCTID,normal,normal,data/OCTID/Normal,NORMAL206.jpeg
